{
	"credit": "Made by Ensis",
	"ambientocclusion": false,
	"textures": {
		"particle": "block/beetroots_stage0",
		"stem": "block/beetroots_stage0"
	},
	"elements": [
		{
			"name": "Stem1",
			"from": [4, -1, 2],
			"to": [4, 3, 6],
			"rotation": {"angle": 45, "axis": "y", "origin": [4, 7, 4]},
			"faces": {
				"east": {"uv": [0, 0, 16, 16], "texture": "#stem"},
				"west": {"uv": [0, 0, 16, 16], "texture": "#stem"}
			}
		},
		{
			"name": "Stem2",
			"from": [2, -1, 4],
			"to": [6, 3, 4],
			"rotation": {"angle": 45, "axis": "y", "origin": [4, 7, 4]},
			"faces": {
				"north": {"uv": [0, 0, 16, 16], "texture": "#stem"},
				"south": {"uv": [3, 0, 16, 16], "texture": "#stem"}
			}
		},
		{
			"name": "Stem1",
			"from": [13, -1, 2],
			"to": [13, 3, 6],
			"rotation": {"angle": 45, "axis": "y", "origin": [13, 1, 4]},
			"faces": {
				"east": {"uv": [0, 0, 16, 16], "texture": "#stem"},
				"west": {"uv": [0, 0, 16, 16], "texture": "#stem"}
			}
		},
		{
			"name": "Stem2",
			"from": [11, -1, 4],
			"to": [15, 3, 4],
			"rotation": {"angle": 45, "axis": "y", "origin": [13, 1, 4]},
			"faces": {
				"north": {"uv": [0, 0, 16, 16], "texture": "#stem"},
				"south": {"uv": [0, 0, 16, 16], "texture": "#stem"}
			}
		},
		{
			"name": "Stem1",
			"from": [5, -1, 9],
			"to": [5, 3, 13],
			"rotation": {"angle": 45, "axis": "y", "origin": [5, 1, 11]},
			"faces": {
				"east": {"uv": [0, 0, 16, 16], "texture": "#stem"},
				"west": {"uv": [0, 0, 16, 16], "texture": "#stem"}
			}
		},
		{
			"name": "Stem2",
			"from": [3, -1, 11],
			"to": [7, 3, 11],
			"rotation": {"angle": 45, "axis": "y", "origin": [5, 1, 11]},
			"faces": {
				"north": {"uv": [0, 0, 16, 16], "texture": "#stem"},
				"south": {"uv": [0, 0, 16, 16], "texture": "#stem"}
			}
		},
		{
			"name": "Stem1",
			"from": [14, -1, 10],
			"to": [14, 3, 14],
			"rotation": {"angle": 45, "axis": "y", "origin": [14, 1, 12]},
			"faces": {
				"east": {"uv": [0, 0, 16, 16], "texture": "#stem"},
				"west": {"uv": [0, 0, 16, 16], "texture": "#stem"}
			}
		},
		{
			"name": "Stem2",
			"from": [12, -1, 12],
			"to": [16, 3, 12],
			"rotation": {"angle": 45, "axis": "y", "origin": [14, 1, 12]},
			"faces": {
				"north": {"uv": [0, 0, 16, 16], "texture": "#stem"},
				"south": {"uv": [0, 0, 16, 16], "texture": "#stem"}
			}
		}
	],
	"groups": [
		{
			"name": "Beetroot1",
			"origin": [8, 8, 8],
			"color": 0,
			"children": [0, 1]
		},
		{
			"name": "Beetroot2",
			"origin": [8, 8, 8],
			"color": 0,
			"children": [2, 3]
		},
		{
			"name": "Beetroot3",
			"origin": [8, 8, 8],
			"color": 0,
			"children": [4, 5]
		},
		{
			"name": "Beetroot4",
			"origin": [14, 1, 12],
			"color": 0,
			"children": [6, 7]
		}
	]
}
