{
	"credit": "Made by Ensis",
	"ambientocclusion": false,
	"textures": {
		"particle": "block/beetroots_stage2",
		"stem": "block/beetroots_stage2",
		"fruit": "block/beetroots_fruit"
	},
	"elements": [
		{
			"name": "Stem1",
			"from": [4.5, 0.5, 1],
			"to": [4.5, 6.5, 8],
			"rotation": {"angle": 45, "axis": "y", "origin": [4.5, 8, 4.5]},
			"faces": {
				"east": {"uv": [1, 4, 15, 16], "texture": "#stem"},
				"west": {"uv": [1, 4, 15, 16], "texture": "#stem"}
			}
		},
		{
			"name": "Stem2",
			"from": [1, 0.5, 4.5],
			"to": [8, 6.5, 4.5],
			"rotation": {"angle": 45, "axis": "y", "origin": [4.5, 8, 4.5]},
			"faces": {
				"north": {"uv": [3, 6, 13.5, 16], "texture": "#stem"},
				"south": {"uv": [1, 4, 15, 16], "texture": "#stem"}
			}
		},
		{
			"name": "Beetroot",
			"from": [3, -1, 3],
			"to": [6, 0.5, 6],
			"rotation": {"angle": 0, "axis": "y", "origin": [4.50874, -0.49998, 4.49125]},
			"faces": {
				"north": {"uv": [5, 4.5, 2, 6], "texture": "#fruit"},
				"east": {"uv": [2, 4.5, 5, 6], "texture": "#fruit"},
				"south": {"uv": [2, 0, 5, 1.5], "texture": "#fruit"},
				"west": {"uv": [2, 0, 5, 1.5], "texture": "#fruit"},
				"up": {"uv": [2, 1.5, 5, 4.5], "texture": "#fruit"},
				"down": {"uv": [2, 1.5, 5, 4.5], "texture": "#fruit"}
			}
		},
		{
			"name": "Stem1",
			"from": [11.5, 0.5, 0],
			"to": [11.5, 6.5, 7],
			"rotation": {"angle": 45, "axis": "y", "origin": [11.5, 8, 3.5]},
			"faces": {
				"east": {"uv": [1, 4, 15, 16], "texture": "#stem"},
				"west": {"uv": [1, 4, 15, 16], "texture": "#stem"}
			}
		},
		{
			"name": "Stem2",
			"from": [8, 0.5, 3.5],
			"to": [15, 6.5, 3.5],
			"rotation": {"angle": 45, "axis": "y", "origin": [11.5, 8, 3.5]},
			"faces": {
				"north": {"uv": [1, 4, 15, 16], "texture": "#stem"},
				"south": {"uv": [1, 4, 15, 16], "texture": "#stem"}
			}
		},
		{
			"name": "Beetroot",
			"from": [10, -1, 2],
			"to": [13, 0.5, 5],
			"rotation": {"angle": 0, "axis": "y", "origin": [11.50874, -0.49998, 3.49125]},
			"faces": {
				"north": {"uv": [5, 4.5, 2, 6], "texture": "#fruit"},
				"east": {"uv": [2, 4.5, 5, 6], "texture": "#fruit"},
				"south": {"uv": [2, 0, 5, 1.5], "texture": "#fruit"},
				"west": {"uv": [2, 0, 5, 1.5], "texture": "#fruit"},
				"up": {"uv": [2, 1.5, 5, 4.5], "texture": "#fruit"},
				"down": {"uv": [2, 1.5, 5, 4.5], "texture": "#fruit"}
			}
		},
		{
			"name": "Stem1",
			"from": [5.5, 0.5, 7],
			"to": [5.5, 6.5, 14],
			"rotation": {"angle": 45, "axis": "y", "origin": [5.5, 8, 10.5]},
			"faces": {
				"east": {"uv": [1, 4, 15, 16], "texture": "#stem"},
				"west": {"uv": [1, 4, 15, 16], "texture": "#stem"}
			}
		},
		{
			"name": "Stem2",
			"from": [2, 0.5, 10.5],
			"to": [9, 6.5, 10.5],
			"rotation": {"angle": 45, "axis": "y", "origin": [5.5, 8, 10.5]},
			"faces": {
				"north": {"uv": [1, 4, 15, 16], "texture": "#stem"},
				"south": {"uv": [1, 4, 15, 16], "texture": "#stem"}
			}
		},
		{
			"name": "Beetroot",
			"from": [4, -1, 9],
			"to": [7, 0.5, 12],
			"rotation": {"angle": 0, "axis": "y", "origin": [5.50874, -0.49998, 10.49125]},
			"faces": {
				"north": {"uv": [5, 4.5, 2, 6], "texture": "#fruit"},
				"east": {"uv": [2, 4.5, 5, 6], "texture": "#fruit"},
				"south": {"uv": [2, 0, 5, 1.5], "texture": "#fruit"},
				"west": {"uv": [2, 0, 5, 1.5], "texture": "#fruit"},
				"up": {"uv": [2, 1.5, 5, 4.5], "texture": "#fruit"},
				"down": {"uv": [2, 1.5, 5, 4.5], "texture": "#fruit"}
			}
		},
		{
			"name": "Stem2",
			"from": [12.5, 0.5, 8],
			"to": [12.5, 6.5, 15],
			"rotation": {"angle": 45, "axis": "y", "origin": [12.5, 8, 11.5]},
			"faces": {
				"east": {"uv": [1, 4, 15, 16], "texture": "#stem"},
				"west": {"uv": [1, 4, 15, 16], "texture": "#stem"}
			}
		},
		{
			"name": "Stem3",
			"from": [9, 0.5, 11.5],
			"to": [16, 6.5, 11.5],
			"rotation": {"angle": 45, "axis": "y", "origin": [12.5, 8, 11.5]},
			"faces": {
				"north": {"uv": [1, 4, 15, 16], "texture": "#stem"},
				"south": {"uv": [1, 4, 15, 16], "texture": "#stem"}
			}
		},
		{
			"name": "Beetroot",
			"from": [11, -1, 10],
			"to": [14, 0.5, 13],
			"rotation": {"angle": 0, "axis": "y", "origin": [12.50874, -0.49998, 11.49125]},
			"faces": {
				"north": {"uv": [5, 4.5, 2, 6], "texture": "#fruit"},
				"east": {"uv": [2, 4.5, 5, 6], "texture": "#fruit"},
				"south": {"uv": [2, 0, 5, 1.5], "texture": "#fruit"},
				"west": {"uv": [2, 0, 5, 1.5], "texture": "#fruit"},
				"up": {"uv": [2, 1.5, 5, 4.5], "texture": "#fruit"},
				"down": {"uv": [2, 1.5, 5, 4.5], "texture": "#fruit"}
			}
		}
	],
	"groups": [
		{
			"name": "Beetroot1",
			"origin": [8, 8, 8],
			"color": 0,
			"children": [0, 1, 2]
		},
		{
			"name": "Beetroot2",
			"origin": [8, 8, 8],
			"color": 0,
			"children": [3, 4, 5]
		},
		{
			"name": "Beetroot3",
			"origin": [8, 8, 8],
			"color": 0,
			"children": [6, 7, 8]
		},
		{
			"name": "Beetroot4",
			"origin": [8, 8, 8],
			"color": 0,
			"children": [9, 10, 11]
		}
	]
}
