{
	"credit": "Made by Ensis",
	"ambientocclusion": false,
	"textures": {
		"2": "block/melon_side_1",
		"3": "block/melon_top_1",
		"stem": "block/melon_stem_stage2",
		"particle": "block/melon_leaf_2",
		"bottom": "block/melon_leaf_2"
	},
	"elements": [
		{
			"name": "Stem",
			"from": [8, -1, 5.5],
			"to": [8, 7, 13.5],
			"rotation": {"angle": 0, "axis": "y", "origin": [8, 3, 9.5]},
			"faces": {
				"north": {"uv": [0, 0, 0, 8], "texture": "#missing"},
				"east": {"uv": [0, 0, 16, 16], "texture": "#stem"},
				"south": {"uv": [0, 0, 0, 8], "texture": "#missing"},
				"west": {"uv": [16, 0, 0, 16], "texture": "#stem"},
				"up": {"uv": [0, 0, 0, 8], "texture": "#missing"},
				"down": {"uv": [0, 0, 0, 8], "texture": "#missing"}
			}
		},
		{
			"name": "Leaf e",
			"from": [8, -1, 4],
			"to": [16, -1, 12],
			"rotation": {"angle": 22.5, "axis": "z", "origin": [8, -1, 8]},
			"faces": {
				"up": {"uv": [16, 16, 0, 0], "rotation": 270, "texture": "#bottom"},
				"down": {"uv": [0, 0, 16, 16], "rotation": 90, "texture": "#bottom"}
			}
		},
		{
			"name": "Leaf w",
			"from": [0, -1, 4],
			"to": [8, -1, 12],
			"rotation": {"angle": -22.5, "axis": "z", "origin": [8, -1, 8]},
			"faces": {
				"up": {"uv": [16, 16, 0, 0], "rotation": 90, "texture": "#bottom"},
				"down": {"uv": [0, 0, 16, 16], "rotation": 270, "texture": "#bottom"}
			}
		},
		{
			"name": "Melon",
			"from": [6, -0.5, 5.5],
			"to": [10, 3.5, 9.5],
			"rotation": {"angle": 0, "axis": "y", "origin": [8, 1.5, 7.5]},
			"faces": {
				"north": {"uv": [0, 0, 16, 16], "texture": "#2"},
				"east": {"uv": [0, 0, 16, 16], "texture": "#2"},
				"south": {"uv": [0, 0, 16, 16], "texture": "#2"},
				"west": {"uv": [0, 0, 16, 16], "texture": "#2"},
				"up": {"uv": [0, 0, 16, 16], "texture": "#3"},
				"down": {"uv": [0, 0, 16, 16], "texture": "#3"}
			}
		}
	]
}
