{
	"credit": "Made with Blockbench",
	"textures": {
		"0": "item/casus_feoderis",
		"particle": "item/casus_feoderis"
	},
	"elements": [
		{
			"from": [7.625, 13.75, 8],
			"to": [8.375, 15.25, 9.5],
			"rotation": {"angle": 45, "axis": "x", "origin": [8.125, 15.25, 8]},
			"faces": {
				"north": {"uv": [8, 1, 8.75, 2.5], "texture": "#0"},
				"east": {"uv": [13, 1, 14.5, 2.5], "texture": "#0"},
				"south": {"uv": [8, 1, 8.75, 2.5], "texture": "#0"},
				"west": {"uv": [10, 1, 11.5, 2.5], "texture": "#0"},
				"up": {"uv": [8, 1, 8.75, 2.5], "texture": "#0"},
				"down": {"uv": [8, 1, 8.75, 2.5], "texture": "#0"}
			}
		},
		{
			"from": [7.75, 26.25, 8.25],
			"to": [8.25, 27.5, 9.5],
			"rotation": {"angle": 45, "axis": "x", "origin": [8, 27.75, 8]},
			"faces": {
				"north": {"uv": [8, 1, 8.5, 2.25], "texture": "#0"},
				"east": {"uv": [10, 2, 11.25, 3.25], "texture": "#0"},
				"south": {"uv": [8, 2, 8.5, 3.25], "texture": "#0"},
				"west": {"uv": [10, 1, 11.25, 2.25], "texture": "#0"},
				"up": {"uv": [8, 3, 8.5, 4.25], "texture": "#0"},
				"down": {"uv": [8, 4, 8.5, 5.25], "texture": "#0"}
			}
		},
		{
			"from": [7.625, 2.5, 7.625],
			"to": [8.375, 25.75, 8.375],
			"rotation": {"angle": 45, "axis": "y", "origin": [8, 15.625, 8]},
			"faces": {
				"north": {"uv": [0, 15.25, 16, 16], "rotation": 270, "texture": "#0"},
				"east": {"uv": [0, 15.25, 16, 16], "rotation": 270, "texture": "#0"},
				"south": {"uv": [0, 15.25, 16, 16], "rotation": 270, "texture": "#0"},
				"west": {"uv": [0, 15.25, 16, 16], "rotation": 270, "texture": "#0"},
				"up": {"uv": [8, 1, 8.75, 1.75], "rotation": 270, "texture": "#0"},
				"down": {"uv": [0, 0, 0.75, 0.75], "rotation": 270, "texture": "#0"}
			}
		},
		{
			"from": [7.5, 5, 8],
			"to": [8.5, 14, 9],
			"rotation": {"angle": -45, "axis": "y", "origin": [8, 9.5, 8.5]},
			"faces": {
				"north": {"uv": [10, 1, 11, 10], "texture": "#0"},
				"east": {"uv": [12, 1, 13, 10], "texture": "#0"},
				"south": {"uv": [11, 1, 12, 10], "texture": "#0"},
				"west": {"uv": [9, 1, 10, 10], "texture": "#0"},
				"up": {"uv": [10, 1, 11, 2], "texture": "#0"},
				"down": {"uv": [12, 0, 13, 1], "texture": "#0"}
			}
		},
		{
			"from": [7.5, 5, 7],
			"to": [8.5, 14, 8],
			"rotation": {"angle": -45, "axis": "y", "origin": [8, 9.5, 7.5]},
			"faces": {
				"north": {"uv": [10, 1, 11, 10], "texture": "#0"},
				"east": {"uv": [12, 1, 13, 10], "texture": "#0"},
				"south": {"uv": [11, 1, 12, 10], "texture": "#0"},
				"west": {"uv": [9, 1, 10, 10], "texture": "#0"},
				"up": {"uv": [10, 1, 11, 2], "texture": "#0"},
				"down": {"uv": [12, 0, 13, 1], "texture": "#0"}
			}
		},
		{
			"from": [7.75, 14, 7.25],
			"to": [8.25, 26.5, 7.75],
			"rotation": {"angle": 45, "axis": "y", "origin": [8, 20.25, 7.5]},
			"faces": {
				"north": {"uv": [10, 1, 10.5, 13.5], "texture": "#0"},
				"east": {"uv": [12, 1, 12.5, 13.5], "texture": "#0"},
				"south": {"uv": [11, 1, 11.5, 13.5], "texture": "#0"},
				"west": {"uv": [9, 1, 9.5, 13.5], "texture": "#0"},
				"up": {"uv": [10, 1, 10.5, 1.5], "texture": "#0"},
				"down": {"uv": [12, 0, 12.5, 0.5], "texture": "#0"}
			}
		},
		{
			"from": [7.75, 14, 8.25],
			"to": [8.25, 26.5, 8.75],
			"rotation": {"angle": 45, "axis": "y", "origin": [8, 20.25, 8.5]},
			"faces": {
				"north": {"uv": [10, 1, 10.5, 13.5], "texture": "#0"},
				"east": {"uv": [12, 1, 12.5, 13.5], "texture": "#0"},
				"south": {"uv": [11, 1, 11.5, 13.5], "texture": "#0"},
				"west": {"uv": [9, 1, 9.5, 13.5], "texture": "#0"},
				"up": {"uv": [10, 1, 10.5, 1.5], "texture": "#0"},
				"down": {"uv": [12, 0, 12.5, 0.5], "texture": "#0"}
			}
		},
		{
			"from": [7.25, -0.25, 7],
			"to": [8.75, 0.25, 9],
			"faces": {
				"north": {"uv": [8, 0, 9.5, 0.5], "texture": "#0"},
				"east": {"uv": [11, 0, 13, 0.5], "texture": "#0"},
				"south": {"uv": [9, 0, 10.5, 0.5], "texture": "#0"},
				"west": {"uv": [10, 0, 12, 0.5], "texture": "#0"},
				"up": {"uv": [14.5, 0, 16, 2], "texture": "#0"},
				"down": {"uv": [14.5, 0, 16, 2], "texture": "#0"}
			}
		},
		{
			"from": [7.5, -3.5, 7.25],
			"to": [8.5, 4, 8.75],
			"faces": {
				"north": {"uv": [0, 0, 1, 7.5], "texture": "#0"},
				"east": {"uv": [0, 0, 1.5, 7.5], "texture": "#0"},
				"south": {"uv": [0, 0, 1, 7.5], "texture": "#0"},
				"west": {"uv": [0, 0, 1.5, 7.5], "texture": "#0"},
				"up": {"uv": [0, 0, 1, 1.5], "texture": "#0"},
				"down": {"uv": [0, 0, 1, 1.5], "texture": "#0"}
			}
		},
		{
			"from": [7.5, -4.75, 7.5],
			"to": [8.5, -3.5, 8.5],
			"rotation": {"angle": 45, "axis": "y", "origin": [8, -4.25, 8]},
			"faces": {
				"north": {"uv": [15, 0, 16, 1.25], "texture": "#0"},
				"east": {"uv": [15, 3, 16, 4.25], "texture": "#0"},
				"south": {"uv": [15, 1, 16, 2.25], "texture": "#0"},
				"west": {"uv": [15, 2, 16, 3.25], "texture": "#0"},
				"up": {"uv": [12, 0, 13, 1], "texture": "#0"},
				"down": {"uv": [9, 0, 10, 1], "texture": "#0"}
			}
		},
		{
			"from": [8.5, 6, 7.75],
			"to": [9, 6.5, 8.25],
			"rotation": {"angle": 0, "axis": "x", "origin": [9, 6, 8]},
			"faces": {
				"north": {"uv": [9, 0, 9.5, 0.5], "rotation": 180, "texture": "#0"},
				"east": {"uv": [9, 2, 9.5, 2.5], "rotation": 180, "texture": "#0"},
				"south": {"uv": [9, 2, 9.5, 2.5], "rotation": 180, "texture": "#0"},
				"west": {"uv": [9, 0, 9.5, 0.5], "rotation": 180, "texture": "#0"},
				"up": {"uv": [9, 2, 9.5, 2.5], "rotation": 180, "texture": "#0"},
				"down": {"uv": [9, 2, 9.5, 2.5], "rotation": 180, "texture": "#0"}
			}
		},
		{
			"from": [7, 6, 7.75],
			"to": [7.5, 6.5, 8.25],
			"rotation": {"angle": 0, "axis": "x", "origin": [7.5, 6, 8]},
			"faces": {
				"north": {"uv": [9, 2, 9.5, 2.5], "rotation": 180, "texture": "#0"},
				"east": {"uv": [9, 2, 9.5, 2.5], "rotation": 180, "texture": "#0"},
				"south": {"uv": [9, 2, 9.5, 2.5], "rotation": 180, "texture": "#0"},
				"west": {"uv": [9, 2, 9.5, 2.5], "rotation": 180, "texture": "#0"},
				"up": {"uv": [9, 2, 9.5, 2.5], "rotation": 180, "texture": "#0"},
				"down": {"uv": [9, 2, 9.5, 2.5], "rotation": 180, "texture": "#0"}
			}
		},
		{
			"from": [7.5, 7, 11.25],
			"to": [8.5, 7.5, 11.75],
			"rotation": {"angle": 45, "axis": "x", "origin": [8, 7, 11.5]},
			"faces": {
				"north": {"uv": [9, 2, 10, 2.5], "rotation": 180, "texture": "#0"},
				"east": {"uv": [9, 0, 9.5, 0.5], "rotation": 180, "texture": "#0"},
				"south": {"uv": [9, 2, 10, 2.5], "rotation": 180, "texture": "#0"},
				"west": {"uv": [9, 0, 9.5, 0.5], "rotation": 180, "texture": "#0"},
				"up": {"uv": [9, 0, 10, 0.5], "rotation": 180, "texture": "#0"},
				"down": {"uv": [12, 0, 13, 0.5], "rotation": 180, "texture": "#0"}
			}
		},
		{
			"from": [7.5, 6.75, 4],
			"to": [8.5, 7.25, 4.5],
			"rotation": {"angle": 45, "axis": "x", "origin": [8, 7, 4.5]},
			"faces": {
				"north": {"uv": [9, 2, 10, 2.5], "texture": "#0"},
				"east": {"uv": [8, 0, 8.5, 0.5], "texture": "#0"},
				"south": {"uv": [9, 2, 10, 2.5], "texture": "#0"},
				"west": {"uv": [9, 0, 9.5, 0.5], "texture": "#0"},
				"up": {"uv": [9, 2, 10, 2.5], "texture": "#0"},
				"down": {"uv": [9, 2, 10, 2.5], "texture": "#0"}
			}
		},
		{
			"from": [8.5, 5.5, 7.25],
			"to": [9, 6, 8.75],
			"rotation": {"angle": 0, "axis": "x", "origin": [9, 6, 8]},
			"faces": {
				"north": {"uv": [9, 2, 9.5, 2.5], "rotation": 180, "texture": "#0"},
				"east": {"uv": [10, 1, 11.5, 1.5], "rotation": 180, "texture": "#0"},
				"south": {"uv": [9, 2, 9.5, 2.5], "rotation": 180, "texture": "#0"},
				"west": {"uv": [10, 1, 11.5, 1.5], "rotation": 180, "texture": "#0"},
				"up": {"uv": [9, 0, 9.5, 1.5], "rotation": 180, "texture": "#0"},
				"down": {"uv": [12, 0, 12.5, 1.5], "rotation": 180, "texture": "#0"}
			}
		},
		{
			"from": [7, 5.5, 7.25],
			"to": [7.5, 6, 8.75],
			"rotation": {"angle": 0, "axis": "x", "origin": [7.5, 6, 8]},
			"faces": {
				"north": {"uv": [9, 2, 9.5, 2.5], "rotation": 180, "texture": "#0"},
				"east": {"uv": [8, 15.5, 9.5, 16], "rotation": 180, "texture": "#0"},
				"south": {"uv": [9, 2, 9.5, 2.5], "rotation": 180, "texture": "#0"},
				"west": {"uv": [10, 15.5, 11.5, 16], "rotation": 180, "texture": "#0"},
				"up": {"uv": [9, 14.5, 9.5, 16], "rotation": 180, "texture": "#0"},
				"down": {"uv": [15.5, 14.5, 16, 16], "rotation": 180, "texture": "#0"}
			}
		},
		{
			"from": [7.5, 6.5, 10.75],
			"to": [8.5, 7, 12.25],
			"rotation": {"angle": 45, "axis": "x", "origin": [8, 7, 11.5]},
			"faces": {
				"north": {"uv": [9, 0, 10, 0.5], "rotation": 180, "texture": "#0"},
				"east": {"uv": [13, 0, 14.5, 0.5], "rotation": 180, "texture": "#0"},
				"south": {"uv": [8, 0, 9, 0.5], "rotation": 180, "texture": "#0"},
				"west": {"uv": [10, 0, 11.5, 0.5], "rotation": 180, "texture": "#0"},
				"up": {"uv": [15, 14.5, 16, 16], "rotation": 180, "texture": "#0"},
				"down": {"uv": [12, 14.5, 13, 16], "rotation": 180, "texture": "#0"}
			}
		},
		{
			"from": [7.5, 6.25, 4.5],
			"to": [8.5, 7.75, 5],
			"rotation": {"angle": 45, "axis": "x", "origin": [8, 7, 4.5]},
			"faces": {
				"north": {"uv": [9, 2, 10, 3.5], "texture": "#0"},
				"east": {"uv": [15.5, 0, 16, 1.5], "texture": "#0"},
				"south": {"uv": [15, 10.5, 16, 12], "texture": "#0"},
				"west": {"uv": [15.5, 2, 16, 3.5], "texture": "#0"},
				"up": {"uv": [8, 0, 9, 0.5], "texture": "#0"},
				"down": {"uv": [8, 0, 9, 0.5], "texture": "#0"}
			}
		},
		{
			"from": [7, 4, 7],
			"to": [9, 5, 9],
			"rotation": {"angle": 45, "axis": "y", "origin": [8, 4.5, 8]},
			"faces": {
				"north": {"uv": [8, 15, 10, 16], "texture": "#0"},
				"east": {"uv": [14, 15, 16, 16], "texture": "#0"},
				"south": {"uv": [10, 15, 12, 16], "texture": "#0"},
				"west": {"uv": [12, 15, 14, 16], "texture": "#0"},
				"up": {"uv": [10, 1, 12, 3], "texture": "#0"},
				"down": {"uv": [13, 1, 15, 3], "texture": "#0"}
			}
		},
		{
			"from": [7.75, 4.25, 8.875],
			"to": [8.25, 8, 9.625],
			"rotation": {"angle": 45, "axis": "x", "origin": [8, 4.75, 9.25]},
			"faces": {
				"north": {"uv": [11, 0, 11.5, 3.75], "texture": "#0"},
				"east": {"uv": [8, 0, 8.75, 3.75], "texture": "#0"},
				"south": {"uv": [9, 0, 9.5, 3.75], "texture": "#0"},
				"west": {"uv": [8, 0, 8.75, 3.75], "texture": "#0"},
				"up": {"uv": [8, 0, 8.75, 3.75], "texture": "#0"},
				"down": {"uv": [8, 0, 8.75, 3.75], "texture": "#0"}
			}
		},
		{
			"from": [7.75, 4.25, 6.375],
			"to": [8.25, 8, 7.125],
			"rotation": {"angle": -45, "axis": "x", "origin": [8, 4.75, 6.75]},
			"faces": {
				"north": {"uv": [11, 0, 11.5, 3.75], "texture": "#0"},
				"east": {"uv": [8, 0, 8.75, 3.75], "texture": "#0"},
				"south": {"uv": [9, 0, 9.5, 3.75], "texture": "#0"},
				"west": {"uv": [8, 0, 8.75, 3.75], "texture": "#0"},
				"up": {"uv": [8, 0, 8.75, 3.75], "texture": "#0"},
				"down": {"uv": [8, 0, 8.75, 3.75], "texture": "#0"}
			}
		},
		{
			"from": [6.75, 4.75, 7.5],
			"to": [7.75, 5.75, 8.5],
			"rotation": {"angle": 45, "axis": "x", "origin": [7.25, 5.25, 8]},
			"faces": {
				"north": {"uv": [9, 6, 10, 7], "texture": "#0"},
				"east": {"uv": [9, 6, 10, 7], "texture": "#0"},
				"south": {"uv": [9, 6, 10, 7], "texture": "#0"},
				"west": {"uv": [9, 6, 10, 7], "texture": "#0"},
				"up": {"uv": [9, 6, 10, 7], "texture": "#0"},
				"down": {"uv": [9, 6, 10, 7], "texture": "#0"}
			}
		},
		{
			"from": [8.25, 4.75, 7.5],
			"to": [9.25, 5.75, 8.5],
			"rotation": {"angle": 45, "axis": "x", "origin": [8.75, 5.25, 8]},
			"faces": {
				"north": {"uv": [8, 6, 9, 7], "texture": "#0"},
				"east": {"uv": [8, 6, 9, 7], "texture": "#0"},
				"south": {"uv": [8, 6, 9, 7], "texture": "#0"},
				"west": {"uv": [8, 6, 9, 7], "texture": "#0"},
				"up": {"uv": [8, 6, 9, 7], "texture": "#0"},
				"down": {"uv": [8, 6, 9, 7], "texture": "#0"}
			}
		}
	],
	"display": {
		"thirdperson_righthand": {
			"rotation": [1, 1, 1],
			"translation": [-1, 3.5, 1]
		},
		"thirdperson_lefthand": {
			"rotation": [1, 1, 1],
			"translation": [-1, 3.5, 1]
		},
		"firstperson_righthand": {
			"rotation": [1, -5, 1],
			"translation": [1, 4, 1.5],
			"scale": [0.75, 0.75, 0.75]
		},
		"firstperson_lefthand": {
			"rotation": [1, -5, 1],
			"translation": [1, 4, 1.5],
			"scale": [0.75, 0.75, 0.75]
		},
		"ground": {
			"rotation": [180, 0, 0],
			"translation": [0, 6, 0],
			"scale": [0.5, 0.5, 0.5]
		},
		"gui": {
			"rotation": [-90, -45, -90],
			"translation": [-1.5, -1.5, 0],
			"scale": [0.65, 0.65, 0.65]
		},
		"head": {
			"rotation": [80, 25, -35],
			"translation": [-6, -2.75, -4]
		},
		"fixed": {
			"rotation": [-90, 45, -90],
			"translation": [-2, 2, 0],
			"scale": [1, 0.75, 0.75]
		}
	},
	"groups": [
		{
			"name": "raser",
			"origin": [8, 8, 8],
			"color": 0,
			"children": [0, 1, 2, 3, 4, 5, 6]
		},
		{
			"name": "handel",
			"origin": [8, 8, 8],
			"color": 0,
			"children": [7, 8, 9]
		},
		{
			"name": "clever",
			"origin": [8, 8, 8],
			"color": 0,
			"children": [10, 11, 12, 13, 14, 15, 16, 17]
		},
		{
			"name": "gard",
			"origin": [8, 8, 8],
			"color": 0,
			"children": [18, 19, 20, 21, 22]
		}
	]
}