{
	"credit": "Made by Ensis",
	"ambientocclusion": false,
	"textures": {
		"particle": "block/potatoes_stage2",
		"stem": "block/potatoes_stage2",
		"fruit": "block/potatoes_fuit"
	},
	"elements": [
		{
			"name": "Stem2",
			"from": [8, -1, 3.75],
			"to": [8, 9.5, 12.25],
			"rotation": {"angle": 45, "axis": "y", "origin": [8, 4.25, 8]},
			"faces": {
				"east": {"uv": [4, 5.5, 12.5, 16], "texture": "#stem"},
				"west": {"uv": [4, 5.5, 12.5, 16], "texture": "#stem"}
			}
		},
		{
			"name": "Stem3",
			"from": [3.75, -1, 8],
			"to": [12.25, 9.5, 8],
			"rotation": {"angle": 45, "axis": "y", "origin": [8, 4.25, 8]},
			"faces": {
				"north": {"uv": [4, 5.5, 12.5, 16], "texture": "#stem"},
				"south": {"uv": [4, 5.5, 12.5, 16], "texture": "#stem"}
			}
		},
		{
			"name": "PotatoLarge",
			"from": [7, -1, 7],
			"to": [9, 0, 9],
			"rotation": {"angle": 0, "axis": "y", "origin": [8, 0, 8]},
			"faces": {
				"north": {"uv": [4, 2.5, 6, 3.5], "texture": "#fruit"},
				"east": {"uv": [1.5, 3, 3.5, 4], "texture": "#fruit"},
				"south": {"uv": [7, 5, 9, 6], "texture": "#fruit"},
				"west": {"uv": [3, 1, 5, 2], "texture": "#fruit"},
				"up": {"uv": [7, 3.5, 9, 5.5], "texture": "#fruit"},
				"down": {"uv": [1, 6, 3, 8], "texture": "#fruit"}
			}
		},
		{
			"name": "PotatoSmall1",
			"from": [5.5, -1, 9.5],
			"to": [6.5, -0.5, 10.5],
			"rotation": {"angle": 45, "axis": "y", "origin": [6, -0.75, 10]},
			"faces": {
				"north": {"uv": [6.5, 5.5, 7.5, 6], "texture": "#fruit"},
				"east": {"uv": [7.5, 5.5, 8.5, 6], "texture": "#fruit"},
				"south": {"uv": [6, 10, 7, 10.5], "texture": "#fruit"},
				"west": {"uv": [8, 7, 9, 7.5], "texture": "#fruit"},
				"up": {"uv": [7.5, 3.5, 8.5, 4.5], "texture": "#fruit"},
				"down": {"uv": [6, 4, 7, 5], "texture": "#fruit"}
			}
		},
		{
			"name": "PotatoSmall2",
			"from": [5.25, -1, 5.25],
			"to": [6.75, -0.25, 6.75],
			"rotation": {"angle": 22.5, "axis": "y", "origin": [6, -0.75, 6]},
			"faces": {
				"north": {"uv": [0.5, 5.5, 2, 6.5], "texture": "#fruit"},
				"east": {"uv": [2, 3.5, 3.5, 4.5], "texture": "#fruit"},
				"south": {"uv": [1, 1, 2.5, 2], "texture": "#fruit"},
				"west": {"uv": [5, 7, 6.5, 8], "texture": "#fruit"},
				"up": {"uv": [7, 4.5, 8.5, 6], "rotation": 90, "texture": "#fruit"},
				"down": {"uv": [7.5, 2, 9, 3.5], "texture": "#fruit"}
			}
		},
		{
			"name": "PotatoSmall3",
			"from": [9.5, -0.99, 5.5],
			"to": [10.5, -0.49, 6.5],
			"rotation": {"angle": 22.5, "axis": "y", "origin": [10, -0.74, 6]},
			"faces": {
				"north": {"uv": [5, 6, 6, 6.5], "texture": "#fruit"},
				"east": {"uv": [5.5, 6, 6.5, 6.5], "texture": "#fruit"},
				"south": {"uv": [6.5, 5.5, 7.5, 6], "texture": "#fruit"},
				"west": {"uv": [4, 4.5, 5, 5], "texture": "#fruit"},
				"up": {"uv": [7.5, 3.5, 8.5, 4.5], "texture": "#fruit"},
				"down": {"uv": [6, 4, 7, 5], "texture": "#fruit"}
			}
		},
		{
			"name": "PotatoSmall4",
			"from": [9.25, -1, 9.25],
			"to": [10.75, -0.25, 10.75],
			"rotation": {"angle": 45, "axis": "y", "origin": [10, -0.75, 10]},
			"faces": {
				"north": {"uv": [4, 2, 5.5, 1], "texture": "#fruit"},
				"east": {"uv": [7, 1.5, 8.5, 2.5], "texture": "#fruit"},
				"south": {"uv": [6.5, 4, 8, 5], "texture": "#fruit"},
				"west": {"uv": [7, 1.5, 8.5, 2.5], "texture": "#fruit"},
				"up": {"uv": [6.5, 4.5, 8, 6], "texture": "#fruit"},
				"down": {"uv": [6, 4, 7.5, 5.5], "texture": "#fruit"}
			}
		}
	],
	"groups": [
		{
			"name": "Stem",
			"origin": [8, 8, 8],
			"color": 0,
			"children": [0, 1]
		},
		{
			"name": "Potatos",
			"origin": [8, 8, 8],
			"color": 0,
			"children": [2, 3, 4, 5, 6]
		}
	]
}
