{
	"credit": "Made by Ensis",
	"ambientocclusion": false,
	"textures": {
		"particle": "block/potatoes_stage3",
		"stem": "block/potatoes_stage3",
		"fruit": "block/potatoes_fuit"
	},
	"elements": [
		{
			"name": "PotatoLarge",
			"from": [6.5, -1, 6.5],
			"to": [9.5, 1, 9.5],
			"rotation": {"angle": 0, "axis": "y", "origin": [8, 0, 8]},
			"faces": {
				"north": {"uv": [3, 2, 6, 4], "texture": "#fruit"},
				"east": {"uv": [0, 0, 3, 2], "texture": "#fruit"},
				"south": {"uv": [3, 3, 6, 5], "texture": "#fruit"},
				"west": {"uv": [0, 4.5, 3, 6.5], "texture": "#fruit"},
				"up": {"uv": [4, 0, 7, 3], "texture": "#fruit"},
				"down": {"uv": [3.5, 3.5, 6.5, 6.5], "texture": "#fruit"}
			}
		},
		{
			"name": "PotatoSmall1",
			"from": [5.5, -1, 10.2],
			"to": [7, 0, 11.7],
			"rotation": {"angle": -45, "axis": "y", "origin": [6, -0.5, 10]},
			"faces": {
				"north": {"uv": [2, 2.5, 3.5, 3.5], "texture": "#fruit"},
				"east": {"uv": [6, 4, 7.5, 5], "texture": "#fruit"},
				"south": {"uv": [4, 3, 5.5, 4], "texture": "#fruit"},
				"west": {"uv": [0, 7, 1.5, 8], "texture": "#fruit"},
				"up": {"uv": [6.5, 3.5, 8, 5], "texture": "#fruit"},
				"down": {"uv": [3.5, 5, 5, 6.5], "texture": "#fruit"}
			}
		},
		{
			"name": "PotatoSmall2",
			"from": [10, -1, 9.5],
			"to": [12, 0.5, 11.5],
			"rotation": {"angle": 22.5, "axis": "y", "origin": [11, -0.5, 10.5]},
			"faces": {
				"north": {"uv": [5, 5.5, 7, 7], "texture": "#fruit"},
				"east": {"uv": [7, 0, 9, 1.5], "texture": "#fruit"},
				"south": {"uv": [2.5, 4, 4.5, 5.5], "texture": "#fruit"},
				"west": {"uv": [4, 5, 6, 6.5], "texture": "#fruit"},
				"up": {"uv": [6.5, 1.5, 8.5, 3.5], "texture": "#fruit"},
				"down": {"uv": [0, 6.5, 2, 8.5], "texture": "#fruit"}
			}
		},
		{
			"name": "PotatoSmall3",
			"from": [9.5, -1, 3.75],
			"to": [11.5, 0.5, 5.75],
			"rotation": {"angle": -22.5, "axis": "y", "origin": [10, -0.5, 5.5]},
			"faces": {
				"north": {"uv": [2, 3, 4, 4.5], "texture": "#fruit"},
				"east": {"uv": [3, 2, 5, 3.5], "texture": "#fruit"},
				"south": {"uv": [6, 3.5, 8, 5], "texture": "#fruit"},
				"west": {"uv": [7, 6, 9, 7.5], "texture": "#fruit"},
				"up": {"uv": [6, 1.5, 8, 3.5], "texture": "#fruit"},
				"down": {"uv": [0.5, 1, 2.5, 3], "texture": "#fruit"}
			}
		},
		{
			"name": "PotatoSmall4",
			"from": [4, -1, 4],
			"to": [6, 0.5, 6],
			"rotation": {"angle": 22.5, "axis": "y", "origin": [5, -0.5, 5]},
			"faces": {
				"north": {"uv": [4.5, 7, 6.5, 8.5], "texture": "#fruit"},
				"east": {"uv": [0, 6, 2, 7.5], "texture": "#fruit"},
				"south": {"uv": [6.5, 4, 8.5, 5.5], "texture": "#fruit"},
				"west": {"uv": [6, 4.5, 8, 6], "texture": "#fruit"},
				"up": {"uv": [6.5, 5, 8.5, 7], "texture": "#fruit"},
				"down": {"uv": [7, 3, 9, 5], "texture": "#fruit"}
			}
		},
		{
			"name": "Stem1",
			"from": [8, 0, 2.5],
			"to": [8, 14, 13.5],
			"rotation": {"angle": 45, "axis": "y", "origin": [8, 8, 8]},
			"faces": {
				"east": {"uv": [2.5, 2, 13.5, 16], "texture": "#stem"},
				"west": {"uv": [2.5, 2, 13.5, 16], "texture": "#stem"}
			}
		},
		{
			"name": "Stem2",
			"from": [2.5, 0, 8],
			"to": [13.5, 14, 8],
			"rotation": {"angle": 45, "axis": "y", "origin": [8, 7.5, 8]},
			"faces": {
				"north": {"uv": [2.5, 2, 13.5, 16], "texture": "#stem"},
				"south": {"uv": [2.5, 2, 13.5, 16], "texture": "#stem"}
			}
		}
	],
	"groups": [
		{
			"name": "Potato",
			"origin": [8, 8, 8],
			"color": 0,
			"children": [0, 1, 2, 3, 4]
		},
		{
			"name": "Stem",
			"origin": [8, 7.5, 8],
			"color": 0,
			"children": [5, 6]
		}
	]
}
