{
	"credit": "Made by Ensis",
	"ambientocclusion": false,
	"textures": {
		"particle": "block/potatoes_stage4",
		"stem": "block/potatoes_stage4",
		"fruit": "block/potatoes_fuit"
	},
	"elements": [
		{
			"name": "PotatoLarge",
			"from": [6.5, -1, 6.5],
			"to": [9.5, 1, 9.5],
			"rotation": {"angle": 0, "axis": "y", "origin": [8, 0, 8]},
			"faces": {
				"north": {"uv": [3, 2, 6, 4], "texture": "#fruit"},
				"east": {"uv": [0, 0, 3, 2], "texture": "#fruit"},
				"south": {"uv": [3, 3, 6, 5], "texture": "#fruit"},
				"west": {"uv": [0, 4.5, 3, 6.5], "texture": "#fruit"},
				"up": {"uv": [4, 0, 7, 3], "texture": "#fruit"},
				"down": {"uv": [3.5, 3.5, 6.5, 6.5], "texture": "#fruit"}
			}
		},
		{
			"name": "PotatoSmall1",
			"from": [5, -1, 9.7],
			"to": [7.5, 0.5, 12.2],
			"rotation": {"angle": -45, "axis": "y", "origin": [6, -0.5, 10]},
			"faces": {
				"north": {"uv": [2, 2.5, 4.5, 4], "texture": "#fruit"},
				"east": {"uv": [6, 6.5, 8.5, 8], "texture": "#fruit"},
				"south": {"uv": [4, 3, 6.5, 4.5], "texture": "#fruit"},
				"west": {"uv": [0, 7, 2.5, 8.5], "texture": "#fruit"},
				"up": {"uv": [6.5, 3, 9, 5.5], "texture": "#fruit"},
				"down": {"uv": [2.5, 5, 5, 7.5], "texture": "#fruit"}
			}
		},
		{
			"name": "PotatoSmall2",
			"from": [10, -1, 9.5],
			"to": [12, 0.5, 11.5],
			"rotation": {"angle": 22.5, "axis": "y", "origin": [11, -0.5, 10.5]},
			"faces": {
				"north": {"uv": [5, 5.5, 7, 7], "texture": "#fruit"},
				"east": {"uv": [7, 0, 9, 1.5], "texture": "#fruit"},
				"south": {"uv": [0, 5, 2, 6.5], "texture": "#fruit"},
				"west": {"uv": [4, 5, 6, 6.5], "texture": "#fruit"},
				"up": {"uv": [6.5, 1.5, 8.5, 3.5], "texture": "#fruit"},
				"down": {"uv": [0, 6.5, 2, 8.5], "texture": "#fruit"}
			}
		},
		{
			"name": "PotatoSmall3",
			"from": [8.75, -1, 3.5],
			"to": [11.25, 0.5, 6],
			"rotation": {"angle": -22.5, "axis": "y", "origin": [10, -0.5, 5.5]},
			"faces": {
				"north": {"uv": [2, 3, 4.5, 4.5], "texture": "#fruit"},
				"east": {"uv": [3, 2, 5.5, 3.5], "texture": "#fruit"},
				"south": {"uv": [6, 3.5, 8.5, 5], "texture": "#fruit"},
				"west": {"uv": [6.5, 6, 9, 7.5], "texture": "#fruit"},
				"up": {"uv": [5.5, 1, 8, 3.5], "texture": "#fruit"},
				"down": {"uv": [0.5, 1, 3, 3.5], "texture": "#fruit"}
			}
		},
		{
			"name": "PotatoSmall4",
			"from": [3.75, -1, 3.75],
			"to": [6.25, 1, 6.25],
			"rotation": {"angle": 22.5, "axis": "y", "origin": [5, -0.5, 5]},
			"faces": {
				"north": {"uv": [2, 4, 4.5, 6], "texture": "#fruit"},
				"east": {"uv": [6.5, 6.5, 9, 8.5], "texture": "#fruit"},
				"south": {"uv": [1, 0, 3.5, 2], "texture": "#fruit"},
				"west": {"uv": [3.5, 3.5, 6, 5.5], "texture": "#fruit"},
				"up": {"uv": [6.5, 5.5, 9, 8], "texture": "#fruit"},
				"down": {"uv": [1.5, 3, 4, 5.5], "texture": "#fruit"}
			}
		},
		{
			"from": [6.68934, 13, 6.33579],
			"to": [7.18934, 13.5, 6.83579],
			"rotation": {"angle": -45, "axis": "y", "origin": [6.93934, 13.25, 6.58579]},
			"faces": {
				"north": {"uv": [13.5, 0, 14, 0.5], "texture": "#fruit"},
				"east": {"uv": [13.5, 0.5, 14.5, 1], "texture": "#fruit"},
				"south": {"uv": [14, 0, 14.5, 0.5], "texture": "#fruit"},
				"west": {"uv": [13.5, 0, 14.5, 0.5], "texture": "#fruit"},
				"up": {"uv": [13.5, 0, 14, 1], "texture": "#fruit"},
				"down": {"uv": [14, 0, 14.5, 1], "texture": "#fruit"}
			}
		},
		{
			"from": [6.18934, 12.5, 6.58579],
			"to": [7.68934, 14, 6.58579],
			"rotation": {"angle": -45, "axis": "y", "origin": [6.93934, 13.25, 6.58579]},
			"faces": {
				"north": {"uv": [14.5, 1.5, 16, 3], "texture": "#fruit"},
				"east": {"uv": [0, 0, 0, 1.5], "texture": "#missing"},
				"south": {"uv": [14.5, 1.5, 16, 3], "texture": "#fruit"},
				"west": {"uv": [0, 0, 0, 1.5], "texture": "#missing"},
				"up": {"uv": [0, 0, 1.5, 0], "texture": "#missing"},
				"down": {"uv": [0, 0, 1.5, 0], "texture": "#missing"}
			}
		},
		{
			"from": [9, 12, 7.75],
			"to": [10.5, 13.5, 7.75],
			"rotation": {"angle": 22.5, "axis": "x", "origin": [10.5, 13, 8]},
			"faces": {
				"north": {"uv": [14.5, 1.5, 16, 3], "texture": "#fruit"},
				"east": {"uv": [0, 0, 0, 1.5], "texture": "#missing"},
				"south": {"uv": [14.5, 1.5, 16, 3], "texture": "#fruit"},
				"west": {"uv": [0, 0, 0, 1.5], "texture": "#missing"},
				"up": {"uv": [0, 0, 1.5, 0], "texture": "#missing"},
				"down": {"uv": [0, 0, 1.5, 0], "texture": "#missing"}
			}
		},
		{
			"from": [9.5, 12.5, 7.5],
			"to": [10, 13, 8],
			"rotation": {"angle": 22.5, "axis": "x", "origin": [10.5, 13, 8]},
			"faces": {
				"north": {"uv": [13.5, 0, 14, 0.5], "texture": "#fruit"},
				"east": {"uv": [13.5, 0.5, 14.5, 1], "texture": "#fruit"},
				"south": {"uv": [14, 0, 14.5, 0.5], "texture": "#fruit"},
				"west": {"uv": [13.5, 0, 14.5, 0.5], "texture": "#fruit"},
				"up": {"uv": [13.5, 0, 14, 1], "texture": "#fruit"},
				"down": {"uv": [14, 0, 14.5, 1], "texture": "#fruit"}
			}
		},
		{
			"from": [5, 7, 7.75],
			"to": [5.5, 7.5, 8.25],
			"rotation": {"angle": -22.5, "axis": "z", "origin": [5, 7, 8]},
			"faces": {
				"north": {"uv": [13.5, 0.5, 14.5, 1], "texture": "#fruit"},
				"east": {"uv": [14, 0, 14.5, 0.5], "texture": "#fruit"},
				"south": {"uv": [13.5, 0, 14.5, 0.5], "texture": "#fruit"},
				"west": {"uv": [13.5, 0, 14, 0.5], "texture": "#fruit"},
				"up": {"uv": [13.5, 0, 14, 1], "rotation": 270, "texture": "#fruit"},
				"down": {"uv": [14, 0, 14.5, 1], "rotation": 90, "texture": "#fruit"}
			}
		},
		{
			"from": [5.25, 6.5, 7.25],
			"to": [5.25, 8, 8.75],
			"rotation": {"angle": -22.5, "axis": "z", "origin": [5, 7, 8]},
			"faces": {
				"north": {"uv": [0, 0, 0, 1.5], "texture": "#missing"},
				"east": {"uv": [14.5, 1.5, 16, 3], "texture": "#fruit"},
				"south": {"uv": [0, 0, 0, 1.5], "texture": "#missing"},
				"west": {"uv": [14.5, 1.5, 16, 3], "texture": "#fruit"},
				"up": {"uv": [0, 0, 1.5, 0], "rotation": 270, "texture": "#missing"},
				"down": {"uv": [0, 0, 1.5, 0], "rotation": 90, "texture": "#missing"}
			}
		},
		{
			"from": [11.1, 12.9, 7.75],
			"to": [11.6, 13.4, 8.25],
			"rotation": {"angle": 22.5, "axis": "z", "origin": [11.5, 13, 8]},
			"faces": {
				"north": {"uv": [13.5, 0, 14.5, 0.5], "texture": "#fruit"},
				"east": {"uv": [13.5, 0, 14, 0.5], "texture": "#fruit"},
				"south": {"uv": [13.5, 0.5, 14.5, 1], "texture": "#fruit"},
				"west": {"uv": [14, 0, 14.5, 0.5], "texture": "#fruit"},
				"up": {"uv": [13.5, 0, 14, 1], "rotation": 90, "texture": "#fruit"},
				"down": {"uv": [14, 0, 14.5, 1], "rotation": 270, "texture": "#fruit"}
			}
		},
		{
			"from": [11.35, 12.4, 7.25],
			"to": [11.35, 13.9, 8.75],
			"rotation": {"angle": 22.5, "axis": "z", "origin": [11.5, 13, 8]},
			"faces": {
				"north": {"uv": [0, 0, 0, 1.5], "texture": "#missing"},
				"east": {"uv": [14.5, 1.5, 16, 3], "texture": "#fruit"},
				"south": {"uv": [0, 0, 0, 1.5], "texture": "#missing"},
				"west": {"uv": [14.5, 1.5, 16, 3], "texture": "#fruit"},
				"up": {"uv": [0, 0, 1.5, 0], "rotation": 90, "texture": "#missing"},
				"down": {"uv": [0, 0, 1.5, 0], "rotation": 270, "texture": "#missing"}
			}
		},
		{
			"from": [10.07843, 9.5, 9.57843],
			"to": [11.57843, 11, 9.57843],
			"rotation": {"angle": 45, "axis": "y", "origin": [10.82843, 10.25, 10.82843]},
			"faces": {
				"north": {"uv": [14.5, 1.5, 16, 3], "texture": "#fruit"},
				"east": {"uv": [0, 0, 0, 1.5], "texture": "#missing"},
				"south": {"uv": [14.5, 1.5, 16, 3], "texture": "#fruit"},
				"west": {"uv": [0, 0, 0, 1.5], "texture": "#missing"},
				"up": {"uv": [0, 0, 1.5, 0], "rotation": 180, "texture": "#missing"},
				"down": {"uv": [0, 0, 1.5, 0], "rotation": 180, "texture": "#missing"}
			}
		},
		{
			"from": [10.57843, 10, 9.32843],
			"to": [11.07843, 10.5, 9.82843],
			"rotation": {"angle": 45, "axis": "y", "origin": [10.82843, 10.25, 10.82843]},
			"faces": {
				"north": {"uv": [14, 0, 14.5, 0.5], "texture": "#fruit"},
				"east": {"uv": [13.5, 0, 14.5, 0.5], "texture": "#fruit"},
				"south": {"uv": [13.5, 0, 14, 0.5], "texture": "#fruit"},
				"west": {"uv": [13.5, 0.5, 14.5, 1], "texture": "#fruit"},
				"up": {"uv": [13.5, 0, 14, 1], "rotation": 180, "texture": "#fruit"},
				"down": {"uv": [14, 0, 14.5, 1], "rotation": 180, "texture": "#fruit"}
			}
		},
		{
			"from": [7.25, 13, 5],
			"to": [8.75, 14.5, 5],
			"rotation": {"angle": 45, "axis": "y", "origin": [8, 8, 8]},
			"faces": {
				"north": {"uv": [14.5, 1.5, 16, 3], "texture": "#fruit"},
				"east": {"uv": [0, 0, 0, 1.5], "texture": "#missing"},
				"south": {"uv": [14.5, 1.5, 16, 3], "texture": "#fruit"},
				"west": {"uv": [0, 0, 0, 1.5], "texture": "#missing"},
				"up": {"uv": [0, 0, 1.5, 0], "texture": "#missing"},
				"down": {"uv": [0, 0, 1.5, 0], "texture": "#missing"}
			}
		},
		{
			"from": [7.75, 13.5, 4.75],
			"to": [8.25, 14, 5.25],
			"rotation": {"angle": 45, "axis": "y", "origin": [8, 8, 8]},
			"faces": {
				"north": {"uv": [13.5, 0, 14, 0.5], "texture": "#fruit"},
				"east": {"uv": [13.5, 0.5, 14.5, 1], "texture": "#fruit"},
				"south": {"uv": [14, 0, 14.5, 0.5], "texture": "#fruit"},
				"west": {"uv": [13.5, 0, 14.5, 0.5], "texture": "#fruit"},
				"up": {"uv": [13.5, 0, 14, 1], "texture": "#fruit"},
				"down": {"uv": [14, 0, 14.5, 1], "texture": "#fruit"}
			}
		},
		{
			"from": [10.5, 10, 7.75],
			"to": [11, 10.5, 8.25],
			"rotation": {"angle": 45, "axis": "y", "origin": [8, 8, 8]},
			"faces": {
				"north": {"uv": [13.5, 0, 14.5, 0.5], "texture": "#fruit"},
				"east": {"uv": [13.5, 0, 14, 0.5], "texture": "#fruit"},
				"south": {"uv": [13.5, 0.5, 14.5, 1], "texture": "#fruit"},
				"west": {"uv": [14, 0, 14.5, 0.5], "texture": "#fruit"},
				"up": {"uv": [13.5, 0, 14, 1], "rotation": 90, "texture": "#fruit"},
				"down": {"uv": [14, 0, 14.5, 1], "rotation": 270, "texture": "#fruit"}
			}
		},
		{
			"from": [10.75, 9.5, 7.25],
			"to": [10.75, 11, 8.75],
			"rotation": {"angle": 45, "axis": "y", "origin": [8, 8, 8]},
			"faces": {
				"north": {"uv": [0, 0, 0, 1.5], "texture": "#missing"},
				"east": {"uv": [14.5, 1.5, 16, 3], "texture": "#fruit"},
				"south": {"uv": [0, 0, 0, 1.5], "texture": "#missing"},
				"west": {"uv": [14.5, 1.5, 16, 3], "texture": "#fruit"},
				"up": {"uv": [0, 0, 1.5, 0], "rotation": 90, "texture": "#missing"},
				"down": {"uv": [0, 0, 1.5, 0], "rotation": 270, "texture": "#missing"}
			}
		},
		{
			"from": [6.05, 13, 10.25],
			"to": [6.05, 14.5, 11.75],
			"rotation": {"angle": 45, "axis": "y", "origin": [4.9948, 14.25, 11.0052]},
			"faces": {
				"north": {"uv": [0, 0, 0, 1.5], "texture": "#missing"},
				"east": {"uv": [14.5, 1.5, 16, 3], "texture": "#fruit"},
				"south": {"uv": [0, 0, 0, 1.5], "texture": "#missing"},
				"west": {"uv": [14.5, 1.5, 16, 3], "texture": "#fruit"},
				"up": {"uv": [0, 0, 1.5, 0], "rotation": 270, "texture": "#missing"},
				"down": {"uv": [0, 0, 1.5, 0], "rotation": 90, "texture": "#missing"}
			}
		},
		{
			"from": [5.5, 13.5, 10],
			"to": [6, 14, 10.5],
			"rotation": {"angle": 45, "axis": "y", "origin": [5.7019, 13.75, 10.2981]},
			"faces": {
				"north": {"uv": [13.5, 0.5, 14.5, 1], "texture": "#fruit"},
				"east": {"uv": [14, 0, 14.5, 0.5], "texture": "#fruit"},
				"south": {"uv": [13.5, 0, 14.5, 0.5], "texture": "#fruit"},
				"west": {"uv": [13.5, 0, 14, 0.5], "texture": "#fruit"},
				"up": {"uv": [13.5, 0, 14, 1], "rotation": 270, "texture": "#fruit"},
				"down": {"uv": [14, 0, 14.5, 1], "rotation": 90, "texture": "#fruit"}
			}
		},
		{
			"name": "Stem3",
			"from": [5.25, 3.75, 8],
			"to": [11.75, 13.25, 8],
			"rotation": {"angle": 0, "axis": "y", "origin": [5.5, 5.75, 8]},
			"faces": {
				"north": {"uv": [9.5, 6.5, 16, 16], "texture": "#fruit"},
				"east": {"uv": [0, 0, 0, 5], "texture": "#missing"},
				"south": {"uv": [16, 6.5, 9.5, 16], "texture": "#fruit"},
				"west": {"uv": [0, 0, 0, 5], "texture": "#missing"},
				"up": {"uv": [0, 0, 5, 0], "texture": "#missing"},
				"down": {"uv": [0, 0, 5, 0], "texture": "#missing"}
			}
		},
		{
			"name": "Stem1",
			"from": [8, 0, 2.5],
			"to": [8, 14, 13.5],
			"rotation": {"angle": 45, "axis": "y", "origin": [8, 8, 8]},
			"faces": {
				"east": {"uv": [13.5, 2, 2.5, 16], "texture": "#stem"},
				"west": {"uv": [2.5, 2, 13.5, 16], "texture": "#stem"}
			}
		},
		{
			"name": "Stem2",
			"from": [2.5, 0, 8],
			"to": [13.5, 14, 8],
			"rotation": {"angle": 45, "axis": "y", "origin": [8, 7.5, 8]},
			"faces": {
				"north": {"uv": [13.5, 2, 2.5, 16], "texture": "#stem"},
				"south": {"uv": [2.5, 2, 13.5, 16], "texture": "#stem"}
			}
		}
	],
	"groups": [
		{
			"name": "Potato",
			"origin": [8, 8, 8],
			"color": 0,
			"children": [0, 1, 2, 3, 4]
		},
		{
			"name": "Flowers",
			"origin": [8, 8, 8],
			"color": 0,
			"children": [
				{
					"name": "Flower1",
					"origin": [6.93934, 13.25, 6.58579],
					"color": 0,
					"children": [5, 6]
				},
				{
					"name": "Flower2",
					"origin": [10.5, 13, 8],
					"color": 0,
					"children": [7, 8]
				},
				{
					"name": "Flower3",
					"origin": [5, 7, 8],
					"color": 0,
					"children": [9, 10]
				},
				{
					"name": "Flower4",
					"origin": [11.5, 13, 8],
					"color": 0,
					"children": [11, 12]
				},
				{
					"name": "Flower5",
					"origin": [10.82843, 10.25, 10.82843],
					"color": 0,
					"children": [13, 14]
				},
				{
					"name": "Flower6",
					"origin": [8, 8, 8],
					"color": 0,
					"children": [15, 16]
				},
				{
					"name": "Flower7",
					"origin": [8, 8, 8],
					"color": 0,
					"children": [17, 18]
				},
				{
					"name": "Flower8",
					"origin": [5.7019, 13.75, 10.2981],
					"color": 0,
					"children": [19, 20]
				}
			]
		},
		{
			"name": "Stem",
			"origin": [8, 7.5, 8],
			"color": 0,
			"children": [21, 22, 23]
		}
	]
}
