{
	"credit": "Made by Ensis",
	"ambientocclusion": false,
	"textures": {
		"0": "block/carrots_stage0",
		"particle": "block/carrots_stage0"
	},
	"elements": [
		{
			"name": "Stem1",
			"from": [4, -1, 2],
			"to": [4, 3, 6],
			"rotation": {"angle": 45, "axis": "y", "origin": [4, 7, 4]},
			"faces": {
				"east": {"uv": [0, 0, 16, 16], "texture": "#0"},
				"west": {"uv": [0, 0, 16, 16], "texture": "#0"}
			}
		},
		{
			"name": "Stem2",
			"from": [2, -1, 4],
			"to": [6, 3, 4],
			"rotation": {"angle": 45, "axis": "y", "origin": [4, 7, 4]},
			"faces": {
				"north": {"uv": [0, 0, 16, 16], "texture": "#0"},
				"south": {"uv": [3, 0, 16, 16], "texture": "#0"}
			}
		},
		{
			"name": "Stem1",
			"from": [12, -1, 4],
			"to": [12, 3, 8],
			"rotation": {"angle": 45, "axis": "y", "origin": [12, 7, 6]},
			"faces": {
				"east": {"uv": [0, 0, 16, 16], "texture": "#0"},
				"west": {"uv": [0, 0, 16, 16], "texture": "#0"}
			}
		},
		{
			"name": "Stem2",
			"from": [10, -1, 6],
			"to": [14, 3, 6],
			"rotation": {"angle": 45, "axis": "y", "origin": [12, 7, 6]},
			"faces": {
				"north": {"uv": [0, 0, 16, 16], "texture": "#0"},
				"south": {"uv": [0, 0, 16, 16], "texture": "#0"}
			}
		},
		{
			"name": "Stem1",
			"from": [5, -1, 10],
			"to": [5, 3, 14],
			"rotation": {"angle": 45, "axis": "y", "origin": [5, 7, 12]},
			"faces": {
				"east": {"uv": [0, 0, 16, 16], "texture": "#0"},
				"west": {"uv": [0, 0, 16, 16], "texture": "#0"}
			}
		},
		{
			"name": "Stem2",
			"from": [3, -1, 12],
			"to": [7, 3, 12],
			"rotation": {"angle": 45, "axis": "y", "origin": [5, 7, 12]},
			"faces": {
				"north": {"uv": [0, 0, 16, 16], "texture": "#0"},
				"south": {"uv": [0, 0, 16, 16], "texture": "#0"}
			}
		}
	],
	"groups": [
		{
			"name": "Carrot1",
			"origin": [8, 8, 8],
			"color": 0,
			"children": [0, 1]
		},
		{
			"name": "Carrot2",
			"origin": [8, 8, 8],
			"color": 0,
			"children": [2, 3]
		},
		{
			"name": "Carrot3",
			"origin": [8, 8, 8],
			"color": 0,
			"children": [4, 5]
		}
	]
}
