{
	"credit": "Made by Ensis",
	"ambientocclusion": false,
	"textures": {
		"0": "block/carrots_stage2",
		"1": "block/carrots_fruit",
		"particle": "block/carrots_stage2"
	},
	"elements": [
		{
			"name": "Stem1",
			"from": [4.5, 0.5, -0.75],
			"to": [4.5, 10.5, 9.75],
			"rotation": {"angle": 45, "axis": "y", "origin": [4.5, 8, 4.5]},
			"faces": {
				"east": {"uv": [3, 6, 13.5, 16], "texture": "#0"},
				"west": {"uv": [3, 6, 13.5, 16], "texture": "#0"}
			}
		},
		{
			"name": "Stem2",
			"from": [-0.75, 0.5, 4.5],
			"to": [9.75, 10.5, 4.5],
			"rotation": {"angle": 45, "axis": "y", "origin": [4.5, 8, 4.5]},
			"faces": {
				"north": {"uv": [3, 6, 13.5, 16], "texture": "#0"},
				"south": {"uv": [3, 6, 13.5, 16], "texture": "#0"}
			}
		},
		{
			"name": "Carrot",
			"from": [3, -1, 3],
			"to": [6, 0.5, 6],
			"rotation": {"angle": 0, "axis": "y", "origin": [4.50874, -0.49998, 4.49125]},
			"faces": {
				"north": {"uv": [5, 4.5, 2, 6], "texture": "#1"},
				"east": {"uv": [2, 4.5, 5, 6], "texture": "#1"},
				"south": {"uv": [2, 0, 5, 1.5], "texture": "#1"},
				"west": {"uv": [2, 0, 5, 1.5], "texture": "#1"},
				"up": {"uv": [2, 1.5, 5, 4.5], "texture": "#1"},
				"down": {"uv": [2, 1.5, 5, 4.5], "texture": "#1"}
			}
		},
		{
			"name": "Stem1",
			"from": [11.5, 0.5, 1.25],
			"to": [11.5, 10.5, 11.75],
			"rotation": {"angle": 45, "axis": "y", "origin": [11.5, 8, 6.5]},
			"faces": {
				"east": {"uv": [3, 6, 13.5, 16], "texture": "#0"},
				"west": {"uv": [3, 6, 13.5, 16], "texture": "#0"}
			}
		},
		{
			"name": "Stem2",
			"from": [6.25, 0.5, 6.5],
			"to": [16.75, 10.5, 6.5],
			"rotation": {"angle": 45, "axis": "y", "origin": [11.5, 8, 6.5]},
			"faces": {
				"north": {"uv": [3, 6, 13.5, 16], "texture": "#0"},
				"south": {"uv": [3, 6, 13.5, 16], "texture": "#0"}
			}
		},
		{
			"name": "Carrot",
			"from": [10, -1, 5],
			"to": [13, 0.5, 8],
			"rotation": {"angle": 0, "axis": "y", "origin": [11.50874, -0.49998, 6.49125]},
			"faces": {
				"north": {"uv": [5, 4.5, 2, 6], "texture": "#1"},
				"east": {"uv": [2, 4.5, 5, 6], "texture": "#1"},
				"south": {"uv": [2, 0, 5, 1.5], "texture": "#1"},
				"west": {"uv": [2, 0, 5, 1.5], "texture": "#1"},
				"up": {"uv": [2, 1.5, 5, 4.5], "texture": "#1"},
				"down": {"uv": [2, 1.5, 5, 4.5], "texture": "#1"}
			}
		},
		{
			"name": "Stem1",
			"from": [5.5, 0.5, 6.25],
			"to": [5.5, 10.5, 16.75],
			"rotation": {"angle": 45, "axis": "y", "origin": [5.5, 8, 11.5]},
			"faces": {
				"east": {"uv": [3, 6, 13.5, 16], "texture": "#0"},
				"west": {"uv": [3, 6, 13.5, 16], "texture": "#0"}
			}
		},
		{
			"name": "Stem2",
			"from": [0.25, 0.5, 11.5],
			"to": [10.75, 10.5, 11.5],
			"rotation": {"angle": 45, "axis": "y", "origin": [5.5, 8, 11.5]},
			"faces": {
				"north": {"uv": [3, 6, 13.5, 16], "texture": "#0"},
				"south": {"uv": [3, 6, 13.5, 16], "texture": "#0"}
			}
		},
		{
			"name": "Carrot",
			"from": [4, -1, 10],
			"to": [7, 0.5, 13],
			"rotation": {"angle": 0, "axis": "y", "origin": [5.50874, -0.49998, 11.49125]},
			"faces": {
				"north": {"uv": [5, 4.5, 2, 6], "texture": "#1"},
				"east": {"uv": [2, 4.5, 5, 6], "texture": "#1"},
				"south": {"uv": [2, 0, 5, 1.5], "texture": "#1"},
				"west": {"uv": [2, 0, 5, 1.5], "texture": "#1"},
				"up": {"uv": [2, 1.5, 5, 4.5], "texture": "#1"},
				"down": {"uv": [2, 1.5, 5, 4.5], "texture": "#1"}
			}
		}
	],
	"groups": [
		{
			"name": "Carrot1",
			"origin": [8, 8, 8],
			"color": 0,
			"children": [0, 1, 2]
		},
		{
			"name": "Carrot2",
			"origin": [8, 8, 8],
			"color": 0,
			"children": [3, 4, 5]
		},
		{
			"name": "Carrot3",
			"origin": [8, 8, 8],
			"color": 0,
			"children": [6, 7, 8]
		}
	]
}
