{
	"credit": "Made by Ensis",
	"ambientocclusion": false,
	"textures": {
		"0": "block/carrots_stage1",
		"1": "block/carrots_fruit",
		"particle": "block/carrots_stage1"
	},
	"elements": [
		{
			"name": "Stem1",
			"from": [4, 0, 0],
			"to": [4, 8, 8],
			"rotation": {"angle": 45, "axis": "y", "origin": [4, 7, 4]},
			"faces": {
				"east": {"uv": [0, 0, 16, 16], "texture": "#0"},
				"west": {"uv": [0, 0, 16, 16], "texture": "#0"}
			}
		},
		{
			"name": "Stem2",
			"from": [0, 0, 4],
			"to": [8, 8, 4],
			"rotation": {"angle": 45, "axis": "y", "origin": [4, 7, 4]},
			"faces": {
				"north": {"uv": [0, 0, 16, 16], "texture": "#0"},
				"south": {"uv": [0, 0, 16, 16], "texture": "#0"}
			}
		},
		{
			"name": "Carrot",
			"from": [3, -1, 3],
			"to": [5, 0, 5],
			"rotation": {"angle": 0, "axis": "y", "origin": [4, -1, 4]},
			"faces": {
				"north": {"uv": [2, 3, 0, 4], "texture": "#1"},
				"east": {"uv": [0, 3, 2, 4], "texture": "#1"},
				"south": {"uv": [0, 0, 2, 1], "texture": "#1"},
				"west": {"uv": [0, 0, 2, 1], "texture": "#1"},
				"up": {"uv": [0, 1, 2, 3], "texture": "#1"},
				"down": {"uv": [0, 1, 2, 3], "texture": "#1"}
			}
		},
		{
			"name": "Stem1",
			"from": [12, 0, -1],
			"to": [12, 8, 7],
			"rotation": {"angle": 45, "axis": "y", "origin": [12, 7, 3]},
			"faces": {
				"east": {"uv": [0, 0, 16, 16], "texture": "#0"},
				"west": {"uv": [0, 0, 16, 16], "texture": "#0"}
			}
		},
		{
			"name": "Stem2",
			"from": [8, 0, 3],
			"to": [16, 8, 3],
			"rotation": {"angle": 45, "axis": "y", "origin": [12, 7, 3]},
			"faces": {
				"north": {"uv": [0, 0, 16, 16], "texture": "#0"},
				"south": {"uv": [0, 0, 16, 16], "texture": "#0"}
			}
		},
		{
			"name": "Carrot",
			"from": [11, -1, 2],
			"to": [13, 0, 4],
			"rotation": {"angle": 0, "axis": "y", "origin": [4, -1, 1]},
			"faces": {
				"north": {"uv": [2, 3, 0, 4], "texture": "#1"},
				"east": {"uv": [0, 3, 2, 4], "texture": "#1"},
				"south": {"uv": [0, 0, 2, 1], "texture": "#1"},
				"west": {"uv": [0, 0, 2, 1], "texture": "#1"},
				"up": {"uv": [0, 1, 2, 3], "texture": "#1"},
				"down": {"uv": [0, 1, 2, 3], "texture": "#1"}
			}
		},
		{
			"name": "Stem1",
			"from": [5, 0, 7],
			"to": [5, 8, 15],
			"rotation": {"angle": 45, "axis": "y", "origin": [5, 7, 11]},
			"faces": {
				"east": {"uv": [0, 0, 16, 16], "texture": "#0"},
				"west": {"uv": [0, 0, 16, 16], "texture": "#0"}
			}
		},
		{
			"name": "Stem2",
			"from": [1, 0, 11],
			"to": [9, 8, 11],
			"rotation": {"angle": 45, "axis": "y", "origin": [5, 7, 11]},
			"faces": {
				"north": {"uv": [0, 0, 16, 16], "texture": "#0"},
				"south": {"uv": [0, 0, 16, 16], "texture": "#0"}
			}
		},
		{
			"name": "Carrot",
			"from": [4, -1, 10],
			"to": [6, 0, 12],
			"rotation": {"angle": 0, "axis": "y", "origin": [4, -1, 3]},
			"faces": {
				"north": {"uv": [2, 3, 0, 4], "texture": "#1"},
				"east": {"uv": [0, 3, 2, 4], "texture": "#1"},
				"south": {"uv": [0, 0, 2, 1], "texture": "#1"},
				"west": {"uv": [0, 0, 2, 1], "texture": "#1"},
				"up": {"uv": [0, 1, 2, 3], "texture": "#1"},
				"down": {"uv": [0, 1, 2, 3], "texture": "#1"}
			}
		},
		{
			"name": "Stem1",
			"from": [13, 0, 8],
			"to": [13, 8, 16],
			"rotation": {"angle": 45, "axis": "y", "origin": [13, 7, 12]},
			"faces": {
				"east": {"uv": [0, 0, 16, 16], "texture": "#0"},
				"west": {"uv": [0, 0, 16, 16], "texture": "#0"}
			}
		},
		{
			"name": "Stem2",
			"from": [9, 0, 12],
			"to": [17, 8, 12],
			"rotation": {"angle": 45, "axis": "y", "origin": [13, 7, 12]},
			"faces": {
				"north": {"uv": [0, 0, 16, 16], "texture": "#0"},
				"south": {"uv": [0, 0, 16, 16], "texture": "#0"}
			}
		},
		{
			"name": "Carrot",
			"from": [12, -1, 11],
			"to": [14, 0, 13],
			"rotation": {"angle": 0, "axis": "y", "origin": [12, -1, 4]},
			"faces": {
				"north": {"uv": [2, 3, 0, 4], "texture": "#1"},
				"east": {"uv": [0, 3, 2, 4], "texture": "#1"},
				"south": {"uv": [0, 0, 2, 1], "texture": "#1"},
				"west": {"uv": [0, 0, 2, 1], "texture": "#1"},
				"up": {"uv": [0, 1, 2, 3], "texture": "#1"},
				"down": {"uv": [0, 1, 2, 3], "texture": "#1"}
			}
		}
	],
	"groups": [
		{
			"name": "Carrot1",
			"origin": [8, 8, 8],
			"color": 0,
			"children": [0, 1, 2]
		},
		{
			"name": "Carrot2",
			"origin": [8, 8, 8],
			"color": 0,
			"children": [3, 4, 5]
		},
		{
			"name": "Carrot3",
			"origin": [8, 8, 8],
			"color": 0,
			"children": [6, 7, 8]
		},
		{
			"name": "Carrot4",
			"origin": [8, 8, 8],
			"color": 0,
			"children": [9, 10, 11]
		}
	]
}
