{
	"credit": "Made by Ensis",
	"ambientocclusion": false,
	"textures": {
		"1": "block/carrots_stage3",
		"2": "block/carrots_fruit",
		"particle": "block/carrots_stage3"
	},
	"elements": [
		{
			"name": "Stem1",
			"from": [4, 1, -2],
			"to": [4, 13.5, 10],
			"rotation": {"angle": 45, "axis": "y", "origin": [4, 9, 4]},
			"faces": {
				"east": {"uv": [2, 3.5, 14, 16], "texture": "#1"},
				"west": {"uv": [2, 3.5, 14, 16], "texture": "#1"}
			}
		},
		{
			"name": "Stem2",
			"from": [-2, 1, 4],
			"to": [10, 13.5, 4],
			"rotation": {"angle": 45, "axis": "y", "origin": [4, 9, 4]},
			"faces": {
				"north": {"uv": [2, 3.5, 14, 16], "texture": "#1"},
				"south": {"uv": [2, 3.5, 14, 16], "texture": "#1"}
			}
		},
		{
			"name": "Carrot",
			"from": [2, -1, 2],
			"to": [6, 1, 6],
			"rotation": {"angle": 0, "axis": "y", "origin": [4, 0, 4]},
			"faces": {
				"north": {"uv": [9, 6.5, 5, 9], "texture": "#2"},
				"east": {"uv": [5, 6.5, 9, 9], "texture": "#2"},
				"south": {"uv": [5, 0, 9, 2.5], "texture": "#2"},
				"west": {"uv": [5, 0, 9, 2.5], "texture": "#2"},
				"up": {"uv": [5, 2.5, 9, 6.5], "texture": "#2"},
				"down": {"uv": [5, 2.5, 9, 6.5], "texture": "#2"}
			}
		},
		{
			"name": "Stem1",
			"from": [12, 1, 0],
			"to": [12, 13.5, 12],
			"rotation": {"angle": 45, "axis": "y", "origin": [12, 9, 6]},
			"faces": {
				"east": {"uv": [2, 3.5, 14, 16], "texture": "#1"},
				"west": {"uv": [2, 3.5, 14, 16], "texture": "#1"}
			}
		},
		{
			"name": "Stem2",
			"from": [6, 1, 6],
			"to": [18, 13.5, 6],
			"rotation": {"angle": 45, "axis": "y", "origin": [12, 9, 6]},
			"faces": {
				"north": {"uv": [2, 3.5, 14, 16], "texture": "#1"},
				"south": {"uv": [2, 3.5, 14, 16], "texture": "#1"}
			}
		},
		{
			"name": "Carrot",
			"from": [10, -1, 4],
			"to": [14, 1, 8],
			"rotation": {"angle": 0, "axis": "y", "origin": [12, 0, 6]},
			"faces": {
				"north": {"uv": [9, 6.5, 5, 9], "texture": "#2"},
				"east": {"uv": [5, 6.5, 9, 9], "texture": "#2"},
				"south": {"uv": [5, 0, 9, 2.5], "texture": "#2"},
				"west": {"uv": [5, 0, 9, 2.5], "texture": "#2"},
				"up": {"uv": [5, 2.5, 9, 6.5], "texture": "#2"},
				"down": {"uv": [5, 2.5, 9, 6.5], "texture": "#2"}
			}
		},
		{
			"name": "Stem1",
			"from": [5, 1, 6],
			"to": [5, 13.5, 18],
			"rotation": {"angle": 45, "axis": "y", "origin": [5, 9, 12]},
			"faces": {
				"east": {"uv": [2, 3.5, 14, 16], "texture": "#1"},
				"west": {"uv": [2, 3.5, 14, 16], "texture": "#1"}
			}
		},
		{
			"name": "Stem2",
			"from": [-1, 1, 12],
			"to": [11, 13.5, 12],
			"rotation": {"angle": 45, "axis": "y", "origin": [5, 9, 12]},
			"faces": {
				"north": {"uv": [2, 3.5, 14, 16], "texture": "#1"},
				"south": {"uv": [2, 3.5, 14, 16], "texture": "#1"}
			}
		},
		{
			"name": "Carrot",
			"from": [3, -1, 10],
			"to": [7, 1, 14],
			"rotation": {"angle": 0, "axis": "y", "origin": [5, 0, 12]},
			"faces": {
				"north": {"uv": [9, 6.5, 5, 9], "texture": "#2"},
				"east": {"uv": [5, 6.5, 9, 9], "texture": "#2"},
				"south": {"uv": [5, 0, 9, 2.5], "texture": "#2"},
				"west": {"uv": [5, 0, 9, 2.5], "texture": "#2"},
				"up": {"uv": [5, 2.5, 9, 6.5], "texture": "#2"},
				"down": {"uv": [5, 2.5, 9, 6.5], "texture": "#2"}
			}
		}
	],
	"groups": [
		{
			"name": "Carrot1",
			"origin": [8, 8, 8],
			"color": 0,
			"children": [0, 1, 2]
		},
		{
			"name": "Carrot2",
			"origin": [8, 8, 8],
			"color": 0,
			"children": [3, 4, 5]
		},
		{
			"name": "Carrot3",
			"origin": [8, 8, 8],
			"color": 0,
			"children": [6, 7, 8]
		}
	]
}
