{
	"credit": "Made with Blockbench",
	"parent": "block/cube_column",
	"textures": {
		"2": "block/pumpkin_bottom",
		"end": "block/pumpkin_top",
		"particle": "block/pumpkin_side",
		"side": "block/pumpkin_side"
	},
	"elements": [
		{
			"name": "Pumpkin",
			"from": [0, 0, 0],
			"to": [16, 16, 16],
			"faces": {
				"north": {"uv": [0, 0, 16, 16], "texture": "#side"},
				"east": {"uv": [0, 0, 16, 16], "texture": "#side"},
				"south": {"uv": [0, 0, 16, 16], "texture": "#side"},
				"west": {"uv": [0, 0, 16, 16], "texture": "#side"},
				"up": {"uv": [0, 0, 16, 16], "texture": "#end"},
				"down": {"uv": [0, 0, 16, 16], "texture": "#2"}
			}
		}
	],
	"display": {
		"firstperson_righthand": {
			"rotation": [0, 135, 0],
			"scale": [0.4, 0.4, 0.4]
		}
	}
}