{
	"credit": "Made by Ensis",
	"ambientocclusion": false,
	"textures": {
		"2": "block/pumpkin_side_2",
		"3": "block/pumpkin_top_2",
		"stem": "block/pumpkin_stem_stage6",
		"particle": "block/pumpkin_leaf_3",
		"bottom": "block/pumpkin_leaf_3"
	},
	"elements": [
		{
			"name": "Stem",
			"from": [8, -1, -8],
			"to": [8, 31, 24],
			"rotation": {"angle": 0, "axis": "y", "origin": [8, 15, 8]},
			"faces": {
				"east": {"uv": [0, 0, 16, 16], "texture": "#stem"},
				"west": {"uv": [16, 0, 0, 16], "texture": "#stem"}
			}
		},
		{
			"name": "Leaf w",
			"from": [-8, -1, 0],
			"to": [8, -1, 16],
			"rotation": {"angle": -22.5, "axis": "z", "origin": [8, -1, 8]},
			"faces": {
				"up": {"uv": [0, 0, 16, 16], "rotation": 270, "texture": "#bottom"},
				"down": {"uv": [16, 16, 0, 0], "rotation": 90, "texture": "#bottom"}
			}
		},
		{
			"name": "Leaf e",
			"from": [8, -1, 0],
			"to": [24, -1, 16],
			"rotation": {"angle": 22.5, "axis": "z", "origin": [8, -1, 8]},
			"faces": {
				"up": {"uv": [0, 0, 16, 16], "rotation": 90, "texture": "#bottom"},
				"down": {"uv": [16, 16, 0, 0], "rotation": 270, "texture": "#bottom"}
			}
		},
		{
			"name": "Pumpkin",
			"from": [5, 11, -2.25],
			"to": [11, 17, 3.75],
			"rotation": {"angle": 22.5, "axis": "x", "origin": [8, 13.5, 2]},
			"faces": {
				"north": {"uv": [0, 0, 12, 12], "texture": "#2"},
				"east": {"uv": [0, 0, 12, 12], "texture": "#2"},
				"south": {"uv": [0, 0, 12, 12], "texture": "#2"},
				"west": {"uv": [0, 0, 12, 12], "texture": "#2"},
				"up": {"uv": [0, 0, 12, 12], "texture": "#3"},
				"down": {"uv": [0, 0, 12, 12], "texture": "#3"}
			}
		}
	]
}
